{
    "loss": 7.249490261077881,
    "accuracy": 0.5882353186607361
}