{
    "loss": 1.6304422616958618,
    "accuracy": 0.656862735748291
}