{
    "loss": 25.7994327545166,
    "accuracy": 0.5686274766921997
}